Anterior - Novo
Fabrica - Mariano
Esplanada I - ESF ESPLANADA  
Esplmaranada II - cadastrado Bernado
ESF SAGRADO - ESF SAGRADO CORACAO I
ESF SAGRADO - ESF SAGRADO CORACAO II
ESF NOSSA SENHORA - ESF NOSSA SENHORA DE FATIMA
SAGRADO CORACAO DE - SAGRADO CORACAO DE JESUS
PSF MARGEM DA - PSF MARGEM DA LEOPOLDINA
ESF JARDIM DAS - ESF JARDIM DAS MANTIQUEIRAS
PSF FRANCISCO - PSF FRANCISCO BERNARDINO
PSF ALTO MILHO  - PSF ALTO MILHO BRANCO
ESF GRANJAS - ESF GRANJAS BETHANIA I
ESF GRANJAS - ESF GRANJAS BETHANIA IV
ESF GRANJAS - ESF GRANJAS BETHANIA III
ESF GRANJAS - PSF GRANJAS BETHANIA II
PSF ALTO SANTO - PSF ALTO SAeNTO ANTONIO
ESF PARQUE DAS - ESF PARQUE DAS AGUAS
ESF PARQUE DAS - ESF PARQUE DAS TORRES
ESF SANTA EFIGENIA II - PSF SANTA EFIGENIA II
ESF GIRASSOL - ESF GIRASSOL AMARELO
ESF COPO DE LEITE - ESF COPO DE LEITE BRANCO
PSF ALTO TRES - PSF ALTO TRES MOINHOS
ESF ALTO SAO JUDAS - ESF Alto São Judas
ESF ERNESTO PANCINI - ESF Ernesto Pancini
ESF JOSE CARLOS DE - ESF Jose Carlos de Lery
ESF SAO FRANCISCO - ESF São Francisco de Paula
PSF JARDIM - PSF JARDIM ESPERANCA
ESF VILA FURTADO DE  - ESF VILA FURTADO DE MENEZES II
PSF VILA FURTADO DE - PSF VILA FURTADO DE MENEZES
ESF SAO CAMILO DE - ESF SAO CAMILO DE LELIS
PSF NOSSA SENHORA - PSF NOSSA SENHORA APARECIDA
ESF NOSSA SENHORA - ESF NOSSA SENHORA DAS GRACAS
PSF VALE DOS - PSF VALE DOS BANDEIRANTES
ESF VIVENDAS DA - ESF VIVENDAS DA SERRA
PARQUE BURNIER - PARQUE BURNIER JARDIM DA LUA P

UBS JOQUEI CLUBE I PSF - Quebra o sistema
UBS JARDIM DA LUA DR. LUIZ EUGENIO GODINHO DELGADO PSF - UBS JARDIM DA LUA DR LUIZ EUGENIO GODINHO DELGADO PSF